Invoice ID,Branch,City,Customer type,Gender,Product line,Unit price,Quantity,Tax 5%,Total,Date,Time,Payment,cogs,gross margin percentage,gross income,Rating,Hour,Day_of_week,Month,Quarter
226-31-3081,C,Naypyitaw,Normal,Female,Electronic Accessories,15.28,5,3.8200000000000003,80.22,2019-03-08,10:29:00,Cash,76.4,4.761904762,3.8200000000000003,9.6,10,Friday,March,1
699-14-3026,C,Naypyitaw,Normal,Male,Electronic Accessories,85.39,7,29.8865,627.6165,2019-03-25,18:30:00,Ewallet,597.73,4.761904762,29.8865,4.1,18,Monday,March,1
315-22-5665,C,Naypyitaw,Normal,Female,Home And Lifestyle,73.56,10,36.78,772.38,2019-02-24,11:38:00,Ewallet,735.6,4.761904762,36.78,8.0,11,Sunday,February,1
300-71-4605,C,Naypyitaw,Member,Male,Electronic Accessories,86.04,5,21.51,451.71,2019-02-25,11:24:00,Ewallet,430.2,4.761904762,21.51,4.8,11,Monday,February,1
183-56-6882,C,Naypyitaw,Member,Female,Food And Beverages,99.42,4,19.884,417.564,2019-02-06,10:42:00,Ewallet,397.68,4.761904762,19.884,7.5,10,Wednesday,February,1
232-16-2483,C,Naypyitaw,Member,Female,Sports And Travel,68.12,1,3.406,71.526,2019-01-07,12:28:00,Ewallet,68.12,4.761904762,3.406,6.8,12,Monday,January,1
333-73-7901,C,Naypyitaw,Normal,Female,Health And Beauty,54.92,8,21.968,461.328,2019-03-23,13:24:00,Ewallet,439.36,4.761904762,21.968,7.6,13,Saturday,March,1
554-53-8700,C,Naypyitaw,Member,Male,Home And Lifestyle,56.11,2,5.611,117.831,2019-02-02,10:11:00,Cash,112.22,4.761904762,5.611,6.3,10,Saturday,February,1
228-96-1411,C,Naypyitaw,Member,Female,Food And Beverages,98.7,8,39.48,829.08,2019-03-04,20:39:00,Cash,789.6,4.761904762,39.48,7.6,20,Monday,March,1
617-15-4209,C,Naypyitaw,Member,Male,Health And Beauty,15.37,2,1.537,32.277,2019-03-16,19:47:00,Cash,30.74,4.761904762,1.537,7.2,19,Saturday,March,1
574-22-5561,C,Naypyitaw,Member,Female,Fashion Accessories,82.63,10,41.315,867.615,2019-03-19,17:08:00,Ewallet,826.3,4.761904762,41.315,7.9,17,Tuesday,March,1
326-78-5178,C,Naypyitaw,Member,Male,Food And Beverages,91.4,7,31.99,671.79,2019-02-03,10:19:00,Cash,639.8,4.761904762,31.99,9.5,10,Sunday,February,1
778-71-5554,C,Naypyitaw,Member,Male,Fashion Accessories,15.43,1,0.7715000000000001,16.2015,2019-01-25,15:46:00,Credit card,15.43,4.761904762,0.7715000000000001,6.1,15,Friday,January,1
399-46-5918,C,Naypyitaw,Normal,Female,Electronic Accessories,85.98,8,34.392,722.232,2019-02-28,19:01:00,Cash,687.84,4.761904762,34.392,8.2,19,Thursday,February,1
120-06-4233,C,Naypyitaw,Normal,Male,Electronic Accessories,30.61,6,9.183,192.843,2019-03-12,20:36:00,Cash,183.66,4.761904762,9.183,9.3,20,Tuesday,March,1
285-68-5083,C,Naypyitaw,Member,Female,Sports And Travel,24.74,3,3.711,77.931,2019-02-15,17:47:00,Credit card,74.22,4.761904762,3.711,10.0,17,Friday,February,1
803-83-5989,C,Naypyitaw,Normal,Male,Home And Lifestyle,55.73,6,16.719,351.099,2019-02-24,10:55:00,Ewallet,334.38,4.761904762,16.719,7.0,10,Sunday,February,1
838-78-4295,C,Naypyitaw,Normal,Female,Health And Beauty,33.47,2,3.347,70.287,2019-02-10,15:43:00,Ewallet,66.94,4.761904762,3.347,6.7,15,Sunday,February,1
393-65-2792,C,Naypyitaw,Normal,Male,Food And Beverages,89.48,10,44.74,939.54,2019-01-06,12:46:00,Credit card,894.8,4.761904762,44.74,9.6,12,Sunday,January,1
796-12-2025,C,Naypyitaw,Normal,Male,Fashion Accessories,62.12,10,31.06,652.26,2019-02-11,16:19:00,Cash,621.2,4.761904762,31.06,5.9,16,Monday,February,1
841-35-6630,C,Naypyitaw,Normal,Female,Electronic Accessories,75.91,6,22.773,478.233,2019-03-09,18:21:00,Cash,455.46,4.761904762,22.773,8.7,18,Saturday,March,1
732-94-0499,C,Naypyitaw,Normal,Female,Electronic Accessories,41.65,10,20.825,437.325,2019-01-13,17:04:00,Credit card,416.5,4.761904762,20.825,5.4,17,Sunday,January,1
263-10-3913,C,Naypyitaw,Member,Male,Fashion Accessories,49.04,9,22.068,463.428,2019-01-09,14:20:00,Credit card,441.36,4.761904762,22.068,8.6,14,Wednesday,January,1
829-49-1914,C,Naypyitaw,Member,Female,Food And Beverages,78.31,10,39.155,822.255,2019-03-05,16:24:00,Ewallet,783.1,4.761904762,39.155,6.6,16,Tuesday,March,1
756-01-7507,C,Naypyitaw,Normal,Female,Health And Beauty,20.38,5,5.095,106.995,2019-01-22,18:56:00,Cash,101.9,4.761904762,5.095,6.0,18,Tuesday,January,1
870-72-4431,C,Naypyitaw,Normal,Female,Health And Beauty,99.19,6,29.757,624.897,2019-01-21,14:42:00,Credit card,595.14,4.761904762,29.757,5.5,14,Monday,January,1
480-63-2856,C,Naypyitaw,Normal,Male,Food And Beverages,19.25,8,7.7,161.7,2019-01-23,18:37:00,Ewallet,154.0,4.761904762,7.7,6.6,18,Wednesday,January,1
787-56-0757,C,Naypyitaw,Member,Female,Food And Beverages,80.36,4,16.072,337.512,2019-02-23,18:45:00,Credit card,321.44,4.761904762,16.072,8.3,18,Saturday,February,1
360-39-5055,C,Naypyitaw,Member,Male,Sports And Travel,48.91,5,12.2275,256.7775,2019-03-09,10:17:00,Cash,244.55,4.761904762,12.2275,6.6,10,Saturday,March,1
730-50-9884,C,Naypyitaw,Normal,Female,Sports And Travel,83.06,7,29.071,610.491,2019-03-05,14:31:00,Ewallet,581.42,4.761904762,29.071,4.0,14,Tuesday,March,1
362-58-8315,C,Naypyitaw,Normal,Male,Fashion Accessories,76.52,5,19.13,401.73,2019-03-25,10:23:00,Cash,382.6,4.761904762,19.13,9.9,10,Monday,March,1
565-80-5980,C,Naypyitaw,Member,Female,Home And Lifestyle,47.38,4,9.476,198.996,2019-01-23,10:25:00,Cash,189.52,4.761904762,9.476,7.1,10,Wednesday,January,1
225-32-0908,C,Naypyitaw,Normal,Female,Sports And Travel,44.86,10,22.43,471.03,2019-01-26,19:54:00,Ewallet,448.6,4.761904762,22.43,8.2,19,Saturday,January,1
512-91-0811,C,Naypyitaw,Normal,Male,Health And Beauty,89.75,1,4.4875,94.2375,2019-02-06,20:05:00,Credit card,89.75,4.761904762,4.4875,6.6,20,Wednesday,February,1
871-39-9221,C,Naypyitaw,Normal,Female,Electronic Accessories,12.45,6,3.735,78.435,2019-02-09,13:11:00,Cash,74.7,4.761904762,3.735,4.1,13,Saturday,February,1
163-56-7055,C,Naypyitaw,Member,Male,Fashion Accessories,48.71,1,2.4355,51.1455,2019-03-26,19:20:00,Cash,48.71,4.761904762,2.4355,4.1,19,Tuesday,March,1
189-98-2939,C,Naypyitaw,Normal,Male,Fashion Accessories,78.55,9,35.3475,742.2975,2019-03-01,13:22:00,Cash,706.95,4.761904762,35.3475,7.2,13,Friday,March,1
551-21-3069,C,Naypyitaw,Normal,Female,Electronic Accessories,23.07,9,10.3815,218.0115,2019-02-01,11:27:00,Cash,207.63,4.761904762,10.3815,4.9,11,Friday,February,1
628-34-3388,C,Naypyitaw,Normal,Male,Fashion Accessories,27.38,6,8.214,172.494,2019-01-05,20:54:00,Credit card,164.28,4.761904762,8.214,7.9,20,Saturday,January,1
588-01-7461,C,Naypyitaw,Normal,Female,Food And Beverages,33.98,9,15.291,321.111,2019-03-24,10:43:00,Cash,305.82,4.761904762,15.291,4.2,10,Sunday,March,1
861-77-0145,C,Naypyitaw,Member,Male,Electronic Accessories,81.97,10,40.985,860.685,2019-03-03,14:30:00,Cash,819.7,4.761904762,40.985,9.2,14,Sunday,March,1
210-67-5886,C,Naypyitaw,Member,Female,Health And Beauty,98.21,3,14.7315,309.3615,2019-02-05,10:41:00,Credit card,294.63,4.761904762,14.7315,7.8,10,Tuesday,February,1
237-01-6122,C,Naypyitaw,Member,Female,Home And Lifestyle,80.79,9,36.3555,763.4655,2019-02-01,20:31:00,Credit card,727.11,4.761904762,36.3555,9.5,20,Friday,February,1
225-98-1496,C,Naypyitaw,Normal,Female,Fashion Accessories,27.02,3,4.053,85.113,2019-03-02,13:01:00,Credit card,81.06,4.761904762,4.053,7.1,13,Saturday,March,1
659-36-1684,C,Naypyitaw,Member,Male,Sports And Travel,57.12,7,19.992,419.832,2019-01-12,12:02:00,Credit card,399.84,4.761904762,19.992,6.5,12,Saturday,January,1
336-78-2147,C,Naypyitaw,Member,Male,Home And Lifestyle,63.91,8,25.564,536.844,2019-03-13,19:52:00,Credit card,511.28,4.761904762,25.564,4.6,19,Wednesday,March,1
189-08-9157,C,Naypyitaw,Normal,Female,Fashion Accessories,31.73,9,14.2785,299.8485,2019-01-08,16:17:00,Credit card,285.57,4.761904762,14.2785,5.9,16,Tuesday,January,1
663-86-9076,C,Naypyitaw,Member,Female,Food And Beverages,68.54,8,27.416,575.736,2019-01-08,15:57:00,Ewallet,548.32,4.761904762,27.416,8.5,15,Tuesday,January,1
483-71-1164,C,Naypyitaw,Normal,Female,Health And Beauty,81.3,6,24.39,512.19,2019-03-08,16:43:00,Ewallet,487.8,4.761904762,24.39,5.3,16,Friday,March,1
597-78-7908,C,Naypyitaw,Normal,Male,Fashion Accessories,90.22,3,13.533,284.193,2019-02-18,19:39:00,Cash,270.66,4.761904762,13.533,6.2,19,Monday,February,1
731-81-9469,C,Naypyitaw,Member,Female,Sports And Travel,89.8,10,44.9,942.9,2019-01-23,13:00:00,Credit card,898.0,4.761904762,44.9,5.4,13,Wednesday,January,1
280-17-4359,C,Naypyitaw,Member,Male,Health And Beauty,90.5,10,45.25,950.25,2019-01-25,13:48:00,Cash,905.0,4.761904762,45.25,8.1,13,Friday,January,1
338-65-2210,C,Naypyitaw,Member,Female,Health And Beauty,68.6,10,34.3,720.3,2019-02-05,19:57:00,Cash,686.0,4.761904762,34.3,9.1,19,Tuesday,February,1
488-25-4221,C,Naypyitaw,Member,Female,Food And Beverages,30.41,1,1.5205000000000002,31.9305,2019-02-22,10:36:00,Credit card,30.41,4.761904762,1.5205000000000002,8.4,10,Friday,February,1
458-41-1477,C,Naypyitaw,Normal,Female,Health And Beauty,46.26,6,13.878,291.438,2019-03-08,17:11:00,Credit card,277.56,4.761904762,13.878,9.5,17,Friday,March,1
568-90-5112,C,Naypyitaw,Normal,Male,Health And Beauty,66.14,4,13.228,277.788,2019-03-19,12:46:00,Credit card,264.56,4.761904762,13.228,5.6,12,Tuesday,March,1
584-86-7256,C,Naypyitaw,Member,Male,Sports And Travel,34.56,7,12.096,254.016,2019-03-11,16:07:00,Credit card,241.92,4.761904762,12.096,7.3,16,Monday,March,1
214-17-6927,C,Naypyitaw,Normal,Female,Food And Beverages,16.48,6,4.944,103.824,2019-02-07,18:23:00,Ewallet,98.88,4.761904762,4.944,9.9,18,Thursday,February,1
400-89-4171,C,Naypyitaw,Normal,Female,Sports And Travel,80.97,8,32.388,680.148,2019-01-28,13:05:00,Cash,647.76,4.761904762,32.388,9.3,13,Monday,January,1
894-41-5205,C,Naypyitaw,Normal,Female,Food And Beverages,43.18,8,17.272,362.712,2019-01-19,19:39:00,Credit card,345.44,4.761904762,17.272,8.3,19,Saturday,January,1
423-80-0988,C,Naypyitaw,Normal,Male,Sports And Travel,76.4,2,7.64,160.44,2019-01-30,19:42:00,Ewallet,152.8,4.761904762,7.64,6.5,19,Wednesday,January,1
234-65-2137,C,Naypyitaw,Normal,Male,Home And Lifestyle,95.58,10,47.79,1003.59,2019-01-16,13:32:00,Cash,955.8,4.761904762,47.79,4.8,13,Wednesday,January,1
733-33-4967,C,Naypyitaw,Normal,Male,Electronic Accessories,20.85,8,8.34,175.14,2019-03-03,19:17:00,Cash,166.8,4.761904762,8.34,6.3,19,Sunday,March,1
139-52-2867,C,Naypyitaw,Normal,Female,Fashion Accessories,22.51,7,7.8785,165.4485,2019-02-13,10:50:00,Credit card,157.57,4.761904762,7.8785,4.8,10,Wednesday,February,1
342-65-4817,C,Naypyitaw,Member,Male,Health And Beauty,86.8,3,13.02,273.42,2019-01-28,16:47:00,Ewallet,260.4,4.761904762,13.02,9.9,16,Monday,January,1
130-98-8941,C,Naypyitaw,Normal,Male,Fashion Accessories,64.26,7,22.491,472.311,2019-02-09,10:00:00,Cash,449.82,4.761904762,22.491,5.7,10,Saturday,February,1
434-83-9547,C,Naypyitaw,Member,Male,Food And Beverages,38.47,8,15.388,323.148,2019-01-23,11:51:00,Cash,307.76,4.761904762,15.388,7.7,11,Wednesday,January,1
824-88-3614,C,Naypyitaw,Normal,Male,Health And Beauty,34.31,8,13.724,288.204,2019-01-25,15:00:00,Ewallet,274.48,4.761904762,13.724,5.7,15,Friday,January,1
593-65-1552,C,Naypyitaw,Normal,Female,Home And Lifestyle,69.81,4,13.962,293.202,2019-01-28,20:50:00,Credit card,279.24,4.761904762,13.962,5.9,20,Monday,January,1
286-43-6208,C,Naypyitaw,Normal,Female,Food And Beverages,87.8,9,39.51,829.71,2019-03-16,19:08:00,Cash,790.2,4.761904762,39.51,9.2,19,Saturday,March,1
556-86-3144,C,Naypyitaw,Member,Female,Fashion Accessories,74.29,1,3.7145,78.0045,2019-01-13,19:30:00,Cash,74.29,4.761904762,3.7145,5.0,19,Sunday,January,1
848-24-9445,C,Naypyitaw,Member,Male,Health And Beauty,43.7,2,4.37,91.77,2019-03-26,18:03:00,Cash,87.4,4.761904762,4.37,4.9,18,Tuesday,March,1
699-01-4164,C,Naypyitaw,Normal,Male,Health And Beauty,41.5,4,8.3,174.3,2019-03-12,19:58:00,Credit card,166.0,4.761904762,8.3,8.2,19,Tuesday,March,1
420-11-4919,C,Naypyitaw,Member,Female,Food And Beverages,71.39,5,17.8475,374.7975,2019-02-17,19:57:00,Credit card,356.95,4.761904762,17.8475,5.5,19,Sunday,February,1
606-80-4905,C,Naypyitaw,Member,Female,Sports And Travel,19.15,6,5.745,120.645,2019-01-29,10:01:00,Credit card,114.9,4.761904762,5.745,6.8,10,Tuesday,January,1
426-39-2418,C,Naypyitaw,Normal,Male,Electronic Accessories,61.41,7,21.4935,451.3635,2019-01-14,10:02:00,Cash,429.87,4.761904762,21.4935,9.8,10,Monday,January,1
672-51-8681,C,Naypyitaw,Member,Female,Electronic Accessories,66.65,9,29.9925,629.8425,2019-01-04,18:19:00,Credit card,599.85,4.761904762,29.9925,9.7,18,Friday,January,1
263-87-5680,C,Naypyitaw,Member,Female,Home And Lifestyle,28.53,10,14.265,299.565,2019-03-18,17:38:00,Ewallet,285.3,4.761904762,14.265,7.8,17,Monday,March,1
677-11-0152,C,Naypyitaw,Normal,Female,Food And Beverages,93.26,9,41.967,881.307,2019-01-16,18:08:00,Cash,839.34,4.761904762,41.967,8.8,18,Wednesday,January,1
389-25-3394,C,Naypyitaw,Normal,Male,Electronic Accessories,11.81,5,2.9525,62.0025,2019-02-17,18:06:00,Cash,59.05,4.761904762,2.9525,9.4,18,Sunday,February,1
279-62-1445,C,Naypyitaw,Member,Female,Fashion Accessories,12.54,1,0.627,13.167,2019-02-21,12:38:00,Cash,12.54,4.761904762,0.627,8.2,12,Thursday,February,1
746-68-6593,C,Naypyitaw,Member,Female,Sports And Travel,87.16,2,8.716,183.036,2019-01-11,14:29:00,Credit card,174.32,4.761904762,8.716,9.7,14,Friday,January,1
583-72-1480,C,Naypyitaw,Member,Male,Electronic Accessories,37.06,4,7.412,155.652,2019-01-31,16:24:00,Ewallet,148.24,4.761904762,7.412,9.7,16,Thursday,January,1
211-30-9270,C,Naypyitaw,Normal,Male,Health And Beauty,17.41,5,4.3525,91.4025,2019-01-28,15:16:00,Credit card,87.05,4.761904762,4.3525,4.9,15,Monday,January,1
755-12-3214,C,Naypyitaw,Member,Female,Fashion Accessories,44.22,5,11.055,232.155,2019-03-05,17:07:00,Credit card,221.1,4.761904762,11.055,8.6,17,Tuesday,March,1
142-72-4741,C,Naypyitaw,Member,Male,Fashion Accessories,93.2,2,9.32,195.72,2019-02-28,18:37:00,Credit card,186.4,4.761904762,9.32,6.0,18,Thursday,February,1
662-47-5456,C,Naypyitaw,Member,Male,Fashion Accessories,35.19,10,17.595,369.495,2019-03-17,19:06:00,Credit card,351.9,4.761904762,17.595,8.4,19,Sunday,March,1
883-17-4236,C,Naypyitaw,Normal,Female,Sports And Travel,14.39,2,1.439,30.219,2019-03-02,19:44:00,Credit card,28.78,4.761904762,1.439,7.2,19,Saturday,March,1
380-94-4661,C,Naypyitaw,Member,Male,Electronic Accessories,65.94,4,13.188,276.948,2019-02-07,13:05:00,Credit card,263.76,4.761904762,13.188,6.9,13,Thursday,February,1
821-07-3596,C,Naypyitaw,Normal,Female,Fashion Accessories,16.45,4,3.29,69.09,2019-03-07,14:53:00,Ewallet,65.8,4.761904762,3.29,5.6,14,Thursday,March,1
808-65-0703,C,Naypyitaw,Normal,Male,Home And Lifestyle,35.47,4,7.094,148.974,2019-03-14,17:22:00,Credit card,141.88,4.761904762,7.094,6.9,17,Thursday,March,1
687-15-1097,C,Naypyitaw,Member,Female,Health And Beauty,21.12,2,2.112,44.352,2019-01-03,19:17:00,Cash,42.24,4.761904762,2.112,9.7,19,Thursday,January,1
526-86-8552,C,Naypyitaw,Member,Female,Home And Lifestyle,21.82,10,10.91,229.11,2019-01-07,17:36:00,Cash,218.2,4.761904762,10.91,7.1,17,Monday,January,1
376-56-3573,C,Naypyitaw,Normal,Female,Fashion Accessories,95.42,4,19.084,400.764,2019-02-02,13:23:00,Ewallet,381.68,4.761904762,19.084,6.4,13,Saturday,February,1
537-72-0426,C,Naypyitaw,Member,Male,Fashion Accessories,70.99,10,35.495,745.395,2019-03-20,16:28:00,Cash,709.9,4.761904762,35.495,5.7,16,Wednesday,March,1
523-38-0215,C,Naypyitaw,Normal,Male,Home And Lifestyle,37.0,1,1.85,38.85,2019-03-06,13:29:00,Credit card,37.0,4.761904762,1.85,7.9,13,Wednesday,March,1
593-95-4461,C,Naypyitaw,Member,Male,Home And Lifestyle,74.86,1,3.743,78.603,2019-03-24,14:49:00,Cash,74.86,4.761904762,3.743,6.9,14,Sunday,March,1
226-71-3580,C,Naypyitaw,Normal,Female,Sports And Travel,23.75,9,10.6875,224.4375,2019-01-31,12:02:00,Cash,213.75,4.761904762,10.6875,9.5,12,Thursday,January,1
558-80-4082,C,Naypyitaw,Normal,Male,Electronic Accessories,27.85,7,9.7475,204.6975,2019-03-14,17:20:00,Ewallet,194.95,4.761904762,9.7475,6.0,17,Thursday,March,1
211-05-0490,C,Naypyitaw,Member,Female,Electronic Accessories,51.92,5,12.98,272.58,2019-03-03,13:42:00,Cash,259.6,4.761904762,12.98,7.5,13,Sunday,March,1
727-75-6477,C,Naypyitaw,Normal,Male,Electronic Accessories,28.84,4,5.768,121.128,2019-03-29,14:44:00,Cash,115.36,4.761904762,5.768,6.4,14,Friday,March,1
779-06-0012,C,Naypyitaw,Member,Female,Home And Lifestyle,88.61,1,4.4305,93.0405,2019-01-19,10:21:00,Cash,88.61,4.761904762,4.4305,7.7,10,Saturday,January,1
446-47-6729,C,Naypyitaw,Normal,Male,Fashion Accessories,99.82,2,9.982,209.622,2019-01-02,18:09:00,Credit card,199.64,4.761904762,9.982,6.7,18,Wednesday,January,1
735-06-4124,C,Naypyitaw,Normal,Male,Food And Beverages,48.61,1,2.4305,51.0405,2019-02-25,15:31:00,Cash,48.61,4.761904762,2.4305,4.4,15,Monday,February,1
181-94-6432,C,Naypyitaw,Member,Male,Fashion Accessories,69.33,2,6.933,145.593,2019-02-05,19:05:00,Ewallet,138.66,4.761904762,6.933,9.7,19,Tuesday,February,1
227-07-4446,C,Naypyitaw,Member,Female,Electronic Accessories,78.13,10,39.065,820.365,2019-02-10,20:51:00,Cash,781.3,4.761904762,39.065,4.4,20,Sunday,February,1
174-36-3675,C,Naypyitaw,Member,Male,Food And Beverages,99.37,2,9.937,208.677,2019-02-14,17:29:00,Cash,198.74,4.761904762,9.937,5.2,17,Thursday,February,1
428-83-5800,C,Naypyitaw,Member,Female,Food And Beverages,21.08,3,3.162,66.402,2019-02-09,10:25:00,Cash,63.24,4.761904762,3.162,7.3,10,Saturday,February,1
603-07-0961,C,Naypyitaw,Member,Male,Electronic Accessories,74.79,5,18.6975,392.6475,2019-01-10,11:34:00,Cash,373.95,4.761904762,18.6975,4.9,11,Thursday,January,1
704-20-4138,C,Naypyitaw,Member,Female,Health And Beauty,29.67,7,10.3845,218.0745,2019-03-11,18:58:00,Credit card,207.69,4.761904762,10.3845,8.1,18,Monday,March,1
787-15-1757,C,Naypyitaw,Member,Male,Health And Beauty,44.07,4,8.814,185.094,2019-02-18,16:28:00,Ewallet,176.28,4.761904762,8.814,8.4,16,Monday,February,1
649-11-3678,C,Naypyitaw,Normal,Female,Food And Beverages,22.93,9,10.3185,216.6885,2019-02-26,20:26:00,Cash,206.37,4.761904762,10.3185,5.5,20,Tuesday,February,1
622-20-1945,C,Naypyitaw,Normal,Female,Health And Beauty,39.42,1,1.971,41.391,2019-01-18,15:08:00,Cash,39.42,4.761904762,1.971,8.4,15,Friday,January,1
719-76-3868,C,Naypyitaw,Member,Male,Food And Beverages,94.26,4,18.852,395.892,2019-03-12,16:30:00,Cash,377.04,4.761904762,18.852,8.6,16,Tuesday,March,1
835-16-0096,C,Naypyitaw,Member,Male,Sports And Travel,14.7,5,3.675,77.175,2019-03-24,13:48:00,Ewallet,73.5,4.761904762,3.675,8.5,13,Sunday,March,1
633-09-3463,C,Naypyitaw,Normal,Female,Electronic Accessories,47.65,3,7.1475,150.0975,2019-03-28,12:58:00,Credit card,142.95,4.761904762,7.1475,9.5,12,Thursday,March,1
416-13-5917,C,Naypyitaw,Normal,Female,Food And Beverages,97.03,5,24.2575,509.4075,2019-01-30,16:24:00,Ewallet,485.15,4.761904762,24.2575,9.3,16,Wednesday,January,1
725-96-3778,C,Naypyitaw,Member,Female,Home And Lifestyle,89.25,8,35.7,749.7,2019-01-20,10:13:00,Cash,714.0,4.761904762,35.7,4.7,10,Sunday,January,1
860-79-0874,C,Naypyitaw,Member,Female,Fashion Accessories,99.3,10,49.65,1042.65,2019-02-15,14:53:00,Credit card,993.0,4.761904762,49.65,6.6,14,Friday,February,1
320-49-6392,C,Naypyitaw,Normal,Female,Electronic Accessories,30.24,1,1.512,31.752,2019-03-04,15:44:00,Cash,30.24,4.761904762,1.512,8.4,15,Monday,March,1
632-90-0281,C,Naypyitaw,Normal,Female,Fashion Accessories,37.55,10,18.775,394.275,2019-03-08,20:01:00,Credit card,375.5,4.761904762,18.775,9.3,20,Friday,March,1
554-42-2417,C,Naypyitaw,Normal,Female,Sports And Travel,95.44,10,47.72,1002.12,2019-01-09,13:45:00,Cash,954.4,4.761904762,47.72,5.2,13,Wednesday,January,1
605-72-4132,C,Naypyitaw,Normal,Female,Food And Beverages,94.47,8,37.788,793.548,2019-02-27,15:12:00,Cash,755.76,4.761904762,37.788,9.1,15,Wednesday,February,1
471-41-2823,C,Naypyitaw,Normal,Male,Food And Beverages,99.79,2,9.979,209.559,2019-03-07,20:37:00,Ewallet,199.58,4.761904762,9.979,8.0,20,Thursday,March,1
272-27-9238,C,Naypyitaw,Normal,Female,Food And Beverages,41.24,4,8.248,173.208,2019-02-19,16:23:00,Cash,164.96,4.761904762,8.248,7.1,16,Tuesday,February,1
834-25-9262,C,Naypyitaw,Normal,Female,Fashion Accessories,81.68,4,16.336,343.056,2019-01-06,12:12:00,Cash,326.72,4.761904762,16.336,9.1,12,Sunday,January,1
122-61-9553,C,Naypyitaw,Normal,Female,Electronic Accessories,51.32,9,23.094,484.974,2019-03-14,19:33:00,Cash,461.88,4.761904762,23.094,5.6,19,Thursday,March,1
613-59-9758,C,Naypyitaw,Normal,Female,Sports And Travel,14.36,10,7.18,150.78,2019-01-27,14:28:00,Cash,143.6,4.761904762,7.18,5.4,14,Sunday,January,1
730-70-9830,C,Naypyitaw,Normal,Female,Home And Lifestyle,70.11,6,21.033,441.693,2019-03-14,17:54:00,Ewallet,420.66,4.761904762,21.033,5.2,17,Thursday,March,1
382-25-8917,C,Naypyitaw,Normal,Male,Fashion Accessories,42.08,6,12.624,265.104,2019-01-29,12:25:00,Cash,252.48,4.761904762,12.624,8.9,12,Tuesday,January,1
743-88-1662,C,Naypyitaw,Normal,Male,Sports And Travel,95.49,7,33.4215,701.8515,2019-02-22,18:17:00,Ewallet,668.43,4.761904762,33.4215,8.7,18,Friday,February,1
595-86-2894,C,Naypyitaw,Member,Male,Fashion Accessories,96.98,4,19.396,407.316,2019-02-06,17:20:00,Ewallet,387.92,4.761904762,19.396,9.4,17,Wednesday,February,1
462-78-5240,C,Naypyitaw,Normal,Female,Electronic Accessories,26.61,2,2.661,55.881,2019-03-19,14:35:00,Cash,53.22,4.761904762,2.661,4.2,14,Tuesday,March,1
153-58-4872,C,Naypyitaw,Member,Female,Food And Beverages,74.89,4,14.978,314.538,2019-03-01,15:32:00,Ewallet,299.56,4.761904762,14.978,4.2,15,Friday,March,1
689-16-9784,C,Naypyitaw,Normal,Male,Food And Beverages,46.77,6,14.031,294.651,2019-03-11,13:37:00,Cash,280.62,4.761904762,14.031,6.0,13,Monday,March,1
394-41-0748,C,Naypyitaw,Member,Female,Fashion Accessories,54.07,9,24.3315,510.9615,2019-01-27,14:55:00,Ewallet,486.63,4.761904762,24.3315,9.5,14,Sunday,January,1
541-89-9860,C,Naypyitaw,Member,Female,Fashion Accessories,80.48,3,12.072,253.512,2019-02-15,12:31:00,Cash,241.44,4.761904762,12.072,8.1,12,Friday,February,1
110-05-6330,C,Naypyitaw,Normal,Female,Food And Beverages,39.43,6,11.829,248.409,2019-03-25,20:18:00,Credit card,236.58,4.761904762,11.829,9.4,20,Monday,March,1
651-61-0874,C,Naypyitaw,Normal,Male,Home And Lifestyle,46.22,4,9.244,194.124,2019-03-12,20:04:00,Credit card,184.88,4.761904762,9.244,6.2,20,Tuesday,March,1
236-86-3015,C,Naypyitaw,Member,Male,Home And Lifestyle,13.98,1,0.6990000000000001,14.679,2019-02-04,13:38:00,Ewallet,13.98,4.761904762,0.6990000000000001,9.8,13,Monday,February,1
587-03-7455,C,Naypyitaw,Member,Female,Fashion Accessories,97.79,7,34.2265,718.7565,2019-02-16,17:30:00,Ewallet,684.53,4.761904762,34.2265,4.9,17,Saturday,February,1
372-26-1506,C,Naypyitaw,Normal,Female,Fashion Accessories,23.82,5,5.955,125.055,2019-01-28,19:24:00,Ewallet,119.1,4.761904762,5.955,5.4,19,Monday,January,1
750-57-9686,C,Naypyitaw,Normal,Female,Home And Lifestyle,45.38,4,9.076,190.596,2019-01-08,13:48:00,Credit card,181.52,4.761904762,9.076,8.7,13,Tuesday,January,1
186-09-3669,C,Naypyitaw,Member,Female,Health And Beauty,81.51,1,4.0755,85.5855,2019-01-22,10:57:00,Ewallet,81.51,4.761904762,4.0755,9.2,10,Tuesday,January,1
266-76-6436,C,Naypyitaw,Member,Female,Food And Beverages,38.6,3,5.79,121.59,2019-03-28,13:57:00,Ewallet,115.8,4.761904762,5.79,7.5,13,Thursday,March,1
740-22-2500,C,Naypyitaw,Normal,Female,Electronic Accessories,84.05,3,12.6075,264.7575,2019-01-23,13:29:00,Cash,252.15,4.761904762,12.6075,9.8,13,Wednesday,January,1
271-88-8734,C,Naypyitaw,Member,Female,Fashion Accessories,97.21,10,48.605,1020.705,2019-02-08,13:00:00,Credit card,972.1,4.761904762,48.605,8.7,13,Friday,February,1
489-64-4354,C,Naypyitaw,Normal,Male,Fashion Accessories,16.28,1,0.8140000000000001,17.094,2019-03-09,15:36:00,Cash,16.28,4.761904762,0.8140000000000001,5.0,15,Saturday,March,1
574-57-9721,C,Naypyitaw,Normal,Male,Food And Beverages,43.27,2,4.327,90.867,2019-03-08,16:53:00,Ewallet,86.54,4.761904762,4.327,5.7,16,Friday,March,1
751-69-0068,C,Naypyitaw,Normal,Male,Sports And Travel,99.24,9,44.658,937.818,2019-03-19,19:09:00,Ewallet,893.16,4.761904762,44.658,9.0,19,Tuesday,March,1
257-73-1380,C,Naypyitaw,Member,Male,Sports And Travel,82.93,4,16.586,348.306,2019-01-20,16:51:00,Ewallet,331.72,4.761904762,16.586,9.6,16,Sunday,January,1
549-96-4200,C,Naypyitaw,Member,Male,Food And Beverages,17.04,4,3.408,71.568,2019-03-08,20:15:00,Ewallet,68.16,4.761904762,3.408,7.0,20,Friday,March,1
810-60-6344,C,Naypyitaw,Normal,Female,Electronic Accessories,40.86,8,16.344,343.224,2019-02-07,14:38:00,Credit card,326.88,4.761904762,16.344,6.5,14,Thursday,February,1
450-28-2866,C,Naypyitaw,Member,Male,Food And Beverages,17.44,5,4.36,91.56,2019-01-15,19:25:00,Cash,87.2,4.761904762,4.36,8.1,19,Tuesday,January,1
192-98-7397,C,Naypyitaw,Normal,Male,Fashion Accessories,12.78,1,0.639,13.419,2019-01-08,14:11:00,Ewallet,12.78,4.761904762,0.639,9.5,14,Tuesday,January,1
235-46-8343,C,Naypyitaw,Member,Male,Food And Beverages,27.66,10,13.83,290.43,2019-02-14,11:26:00,Credit card,276.6,4.761904762,13.83,8.9,11,Thursday,February,1
453-12-7053,C,Naypyitaw,Normal,Male,Fashion Accessories,45.74,3,6.861,144.081,2019-03-10,17:38:00,Credit card,137.22,4.761904762,6.861,6.5,17,Sunday,March,1
325-90-8763,C,Naypyitaw,Member,Female,Electronic Accessories,46.57,10,23.285,488.985,2019-01-27,13:58:00,Cash,465.7,4.761904762,23.285,7.6,13,Sunday,January,1
729-46-7422,C,Naypyitaw,Normal,Male,Food And Beverages,35.89,1,1.7945,37.6845,2019-02-23,16:52:00,Credit card,35.89,4.761904762,1.7945,7.9,16,Saturday,February,1
639-76-1242,C,Naypyitaw,Normal,Male,Food And Beverages,40.52,5,10.13,212.73,2019-02-03,15:19:00,Cash,202.6,4.761904762,10.13,4.5,15,Sunday,February,1
326-71-2155,C,Naypyitaw,Normal,Female,Sports And Travel,73.95,4,14.79,310.59,2019-02-03,10:02:00,Cash,295.8,4.761904762,14.79,6.1,10,Sunday,February,1
320-32-8842,C,Naypyitaw,Member,Female,Food And Beverages,22.62,1,1.131,23.751,2019-03-17,18:58:00,Cash,22.62,4.761904762,1.131,6.4,18,Sunday,March,1
878-30-2331,C,Naypyitaw,Member,Female,Sports And Travel,54.55,10,27.275,572.775,2019-03-02,11:22:00,Credit card,545.5,4.761904762,27.275,7.1,11,Saturday,March,1
440-59-5691,C,Naypyitaw,Member,Female,Health And Beauty,37.15,7,13.0025,273.0525,2019-02-08,13:12:00,Credit card,260.05,4.761904762,13.0025,7.7,13,Friday,February,1
746-19-0921,C,Naypyitaw,Normal,Male,Food And Beverages,21.58,1,1.079,22.659,2019-02-09,10:02:00,Ewallet,21.58,4.761904762,1.079,7.2,10,Saturday,February,1
233-34-0817,C,Naypyitaw,Member,Female,Electronic Accessories,98.84,1,4.942,103.782,2019-02-15,11:21:00,Cash,98.84,4.761904762,4.942,8.4,11,Friday,February,1
767-05-1286,C,Naypyitaw,Member,Female,Home And Lifestyle,83.77,6,25.131,527.751,2019-01-23,12:10:00,Ewallet,502.62,4.761904762,25.131,5.4,12,Wednesday,January,1
598-47-9715,C,Naypyitaw,Normal,Male,Electronic Accessories,84.07,4,16.814,353.094,2019-03-07,16:54:00,Ewallet,336.28,4.761904762,16.814,4.4,16,Thursday,March,1
541-08-3113,C,Naypyitaw,Normal,Male,Food And Beverages,65.97,8,26.388,554.148,2019-02-02,20:29:00,Cash,527.76,4.761904762,26.388,8.4,20,Saturday,February,1
246-11-3901,C,Naypyitaw,Normal,Female,Electronic Accessories,32.8,10,16.4,344.4,2019-02-15,12:12:00,Cash,328.0,4.761904762,16.4,6.2,12,Friday,February,1
493-65-6248,C,Naypyitaw,Member,Female,Sports And Travel,36.98,10,18.49,388.29,2019-01-01,19:48:00,Credit card,369.8,4.761904762,18.49,7.0,19,Tuesday,January,1
556-72-8512,C,Naypyitaw,Normal,Male,Home And Lifestyle,22.96,1,1.148,24.108,2019-01-30,20:47:00,Cash,22.96,4.761904762,1.148,4.3,20,Wednesday,January,1
148-82-2527,C,Naypyitaw,Member,Female,Home And Lifestyle,12.12,10,6.06,127.26,2019-03-05,13:44:00,Credit card,121.2,4.761904762,6.06,8.4,13,Tuesday,March,1
556-97-7101,C,Naypyitaw,Normal,Female,Electronic Accessories,63.22,2,6.322,132.762,2019-01-01,15:51:00,Cash,126.44,4.761904762,6.322,8.5,15,Tuesday,January,1
862-59-8517,C,Naypyitaw,Normal,Female,Food And Beverages,90.24,6,27.072,568.512,2019-01-27,11:17:00,Cash,541.44,4.761904762,27.072,6.2,11,Sunday,January,1
573-98-8548,C,Naypyitaw,Member,Female,Fashion Accessories,31.9,1,1.595,33.495,2019-01-05,12:40:00,Ewallet,31.9,4.761904762,1.595,9.1,12,Saturday,January,1
620-02-2046,C,Naypyitaw,Normal,Male,Home And Lifestyle,69.4,2,6.94,145.74,2019-01-27,19:48:00,Ewallet,138.8,4.761904762,6.94,9.0,19,Sunday,January,1
602-80-9671,C,Naypyitaw,Member,Female,Home And Lifestyle,15.95,6,4.785,100.485,2019-02-09,17:15:00,Credit card,95.7,4.761904762,4.785,5.1,17,Saturday,February,1
503-07-0930,C,Naypyitaw,Member,Male,Sports And Travel,58.39,7,20.4365,429.1665,2019-02-23,19:49:00,Credit card,408.73,4.761904762,20.4365,8.2,19,Saturday,February,1
413-20-6708,C,Naypyitaw,Member,Female,Fashion Accessories,51.47,1,2.5735,54.0435,2019-03-18,15:52:00,Ewallet,51.47,4.761904762,2.5735,8.5,15,Monday,March,1
521-18-7827,C,Naypyitaw,Member,Male,Home And Lifestyle,39.39,5,9.8475,206.7975,2019-01-22,20:46:00,Credit card,196.95,4.761904762,9.8475,8.7,20,Tuesday,January,1
600-38-9738,C,Naypyitaw,Member,Male,Sports And Travel,71.92,5,17.98,377.58,2019-01-17,15:05:00,Credit card,359.6,4.761904762,17.98,4.3,15,Thursday,January,1
451-28-5717,C,Naypyitaw,Member,Female,Home And Lifestyle,83.17,6,24.951,523.971,2019-03-20,11:23:00,Cash,499.02,4.761904762,24.951,7.3,11,Wednesday,March,1
133-14-7229,C,Naypyitaw,Normal,Male,Health And Beauty,62.87,2,6.287,132.027,2019-01-01,11:43:00,Cash,125.74,4.761904762,6.287,5.0,11,Tuesday,January,1
236-27-1144,C,Naypyitaw,Normal,Female,Food And Beverages,16.31,9,7.3395,154.1295,2019-03-26,10:31:00,Ewallet,146.79,4.761904762,7.3395,8.4,10,Tuesday,March,1
583-41-4548,C,Naypyitaw,Normal,Male,Home And Lifestyle,16.67,7,5.8345,122.5245,2019-02-07,11:36:00,Ewallet,116.69,4.761904762,5.8345,7.4,11,Thursday,February,1
358-88-9262,C,Naypyitaw,Member,Female,Food And Beverages,87.48,6,26.244,551.124,2019-02-01,18:43:00,Ewallet,524.88,4.761904762,26.244,5.1,18,Friday,February,1
343-87-0864,C,Naypyitaw,Member,Male,Health And Beauty,75.88,1,3.794,79.674,2019-01-03,10:30:00,Credit card,75.88,4.761904762,3.794,7.1,10,Thursday,January,1
243-47-2663,C,Naypyitaw,Member,Male,Electronic Accessories,18.77,6,5.631,118.251,2019-01-28,16:43:00,Credit card,112.62,4.761904762,5.631,5.5,16,Monday,January,1
399-69-4630,C,Naypyitaw,Normal,Male,Electronic Accessories,22.21,6,6.663,139.923,2019-03-07,10:23:00,Credit card,133.26,4.761904762,6.663,8.6,10,Thursday,March,1
283-26-5248,C,Naypyitaw,Member,Female,Food And Beverages,98.52,10,49.26,1034.46,2019-01-30,20:23:00,Ewallet,985.2,4.761904762,49.26,4.5,20,Wednesday,January,1
866-99-7614,C,Naypyitaw,Normal,Male,Food And Beverages,89.2,10,44.6,936.6,2019-02-11,15:42:00,Credit card,892.0,4.761904762,44.6,4.4,15,Monday,February,1
718-57-9773,C,Naypyitaw,Normal,Female,Sports And Travel,49.33,10,24.665,517.965,2019-02-03,16:40:00,Credit card,493.3,4.761904762,24.665,9.4,16,Sunday,February,1
408-26-9866,C,Naypyitaw,Normal,Female,Sports And Travel,73.98,7,25.893,543.753,2019-03-02,16:42:00,Ewallet,517.86,4.761904762,25.893,4.1,16,Saturday,March,1
592-34-6155,C,Naypyitaw,Normal,Male,Food And Beverages,31.77,4,6.354,133.434,2019-01-14,14:43:00,Ewallet,127.08,4.761904762,6.354,6.2,14,Monday,January,1
390-31-6381,C,Naypyitaw,Normal,Male,Food And Beverages,27.22,3,4.083,85.743,2019-01-07,12:37:00,Cash,81.66,4.761904762,4.083,7.3,12,Monday,January,1
339-18-7061,C,Naypyitaw,Member,Female,Fashion Accessories,92.98,2,9.298,195.258,2019-02-13,15:06:00,Credit card,185.96,4.761904762,9.298,8.0,15,Wednesday,February,1
379-17-6588,C,Naypyitaw,Normal,Male,Fashion Accessories,59.61,10,29.805,625.905,2019-03-14,11:07:00,Cash,596.1,4.761904762,29.805,5.3,11,Thursday,March,1
302-15-2162,C,Naypyitaw,Member,Male,Health And Beauty,46.53,6,13.959,293.139,2019-03-03,10:54:00,Credit card,279.18,4.761904762,13.959,4.3,10,Sunday,March,1
788-07-8452,C,Naypyitaw,Member,Female,Home And Lifestyle,24.24,7,8.484,178.164,2019-01-27,17:38:00,Ewallet,169.68,4.761904762,8.484,9.4,17,Sunday,January,1
123-35-4896,C,Naypyitaw,Normal,Female,Sports And Travel,46.66,9,20.997,440.937,2019-02-17,19:11:00,Ewallet,419.94,4.761904762,20.997,5.3,19,Sunday,February,1
258-69-7810,C,Naypyitaw,Normal,Female,Fashion Accessories,36.85,5,9.2125,193.4625,2019-01-26,18:53:00,Cash,184.25,4.761904762,9.2125,9.2,18,Saturday,January,1
219-61-4139,C,Naypyitaw,Normal,Male,Electronic Accessories,83.08,1,4.154,87.234,2019-01-23,17:16:00,Ewallet,83.08,4.761904762,4.154,6.4,17,Wednesday,January,1
881-41-7302,C,Naypyitaw,Normal,Female,Fashion Accessories,64.99,1,3.2495,68.2395,2019-01-26,10:06:00,Credit card,64.99,4.761904762,3.2495,4.5,10,Saturday,January,1
373-09-4567,C,Naypyitaw,Normal,Male,Food And Beverages,77.56,10,38.78,814.38,2019-03-14,20:35:00,Ewallet,775.6,4.761904762,38.78,6.9,20,Thursday,March,1
484-22-8230,C,Naypyitaw,Member,Female,Fashion Accessories,51.89,7,18.1615,381.3915,2019-01-08,20:08:00,Cash,363.23,4.761904762,18.1615,4.5,20,Tuesday,January,1
544-32-5024,C,Naypyitaw,Member,Female,Food And Beverages,49.79,4,9.958,209.118,2019-03-28,19:16:00,Credit card,199.16,4.761904762,9.958,6.4,19,Thursday,March,1
277-35-5865,C,Naypyitaw,Member,Female,Food And Beverages,98.97,9,44.5365,935.2665,2019-03-09,11:23:00,Cash,890.73,4.761904762,44.5365,6.7,11,Saturday,March,1
284-54-4231,C,Naypyitaw,Member,Male,Sports And Travel,80.93,1,4.0465,84.9765,2019-01-19,16:08:00,Credit card,80.93,4.761904762,4.0465,9.0,16,Saturday,January,1
840-19-2096,C,Naypyitaw,Member,Male,Electronic Accessories,87.91,5,21.9775,461.5275,2019-03-14,18:10:00,Ewallet,439.55,4.761904762,21.9775,4.4,18,Thursday,March,1
641-96-3695,C,Naypyitaw,Member,Female,Fashion Accessories,43.46,6,13.038,273.798,2019-02-07,17:55:00,Ewallet,260.76,4.761904762,13.038,8.5,17,Thursday,February,1
318-81-2368,C,Naypyitaw,Normal,Female,Electronic Accessories,46.2,1,2.31,48.51,2019-03-19,12:16:00,Cash,46.2,4.761904762,2.31,6.3,12,Tuesday,March,1
155-45-3814,C,Naypyitaw,Member,Female,Electronic Accessories,88.55,8,35.42,743.82,2019-03-19,15:29:00,Ewallet,708.4,4.761904762,35.42,4.7,15,Tuesday,March,1
131-15-8856,C,Naypyitaw,Member,Female,Food And Beverages,72.52,8,29.008,609.168,2019-03-30,19:26:00,Credit card,580.16,4.761904762,29.008,4.0,19,Saturday,March,1
273-84-2164,C,Naypyitaw,Member,Male,Electronic Accessories,12.05,5,3.0125,63.2625,2019-02-16,15:53:00,Ewallet,60.25,4.761904762,3.0125,5.5,15,Saturday,February,1
778-89-7974,C,Naypyitaw,Normal,Male,Health And Beauty,70.21,6,21.063,442.323,2019-03-30,14:58:00,Cash,421.26,4.761904762,21.063,7.4,14,Saturday,March,1
859-71-0933,C,Naypyitaw,Member,Female,Sports And Travel,15.49,2,1.549,32.529,2019-01-16,15:10:00,Cash,30.98,4.761904762,1.549,6.3,15,Wednesday,January,1
740-11-5257,C,Naypyitaw,Normal,Male,Electronic Accessories,24.74,10,12.37,259.77,2019-02-24,16:44:00,Cash,247.4,4.761904762,12.37,7.1,16,Sunday,February,1
250-81-7186,C,Naypyitaw,Normal,Female,Electronic Accessories,99.69,1,4.9845,104.6745,2019-02-27,10:23:00,Credit card,99.69,4.761904762,4.9845,8.0,10,Wednesday,February,1
842-29-4695,C,Naypyitaw,Member,Male,Sports And Travel,17.14,7,5.999,125.979,2019-01-16,12:07:00,Credit card,119.98,4.761904762,5.999,7.9,12,Wednesday,January,1
641-51-2661,C,Naypyitaw,Member,Female,Food And Beverages,87.1,10,43.55,914.55,2019-02-12,14:45:00,Credit card,871.0,4.761904762,43.55,9.9,14,Tuesday,February,1
714-02-3114,C,Naypyitaw,Normal,Female,Sports And Travel,98.8,2,9.88,207.48,2019-02-21,11:39:00,Cash,197.6,4.761904762,9.88,7.7,11,Thursday,February,1
408-66-6712,C,Naypyitaw,Member,Female,Health And Beauty,47.71,6,14.313,300.573,2019-02-16,14:19:00,Ewallet,286.26,4.761904762,14.313,4.4,14,Saturday,February,1
556-41-6224,C,Naypyitaw,Normal,Male,Health And Beauty,33.64,8,13.456,282.576,2019-02-15,17:10:00,Credit card,269.12,4.761904762,13.456,9.3,17,Friday,February,1
648-94-3045,C,Naypyitaw,Normal,Male,Health And Beauty,58.95,10,29.475,618.975,2019-02-07,14:27:00,Ewallet,589.5,4.761904762,29.475,8.1,14,Thursday,February,1
370-96-0655,C,Naypyitaw,Normal,Female,Fashion Accessories,49.32,6,14.796,310.716,2019-01-09,13:46:00,Ewallet,295.92,4.761904762,14.796,7.1,13,Wednesday,January,1
173-57-2300,C,Naypyitaw,Member,Male,Sports And Travel,72.88,2,7.288,153.048,2019-03-13,12:51:00,Cash,145.76,4.761904762,7.288,6.1,12,Wednesday,March,1
394-55-6384,C,Naypyitaw,Member,Female,Sports And Travel,70.19,9,31.5855,663.2955,2019-01-25,13:38:00,Cash,631.71,4.761904762,31.5855,6.7,13,Friday,January,1
266-20-6657,C,Naypyitaw,Member,Male,Food And Beverages,55.04,7,19.264,404.544,2019-03-12,19:39:00,Ewallet,385.28,4.761904762,19.264,5.2,19,Tuesday,March,1
196-01-2849,C,Naypyitaw,Member,Female,Fashion Accessories,73.38,7,25.683,539.343,2019-02-10,13:56:00,Cash,513.66,4.761904762,25.683,9.5,13,Sunday,February,1
372-62-5264,C,Naypyitaw,Normal,Female,Food And Beverages,52.6,9,23.67,497.07,2019-01-16,14:42:00,Cash,473.4,4.761904762,23.67,7.6,14,Wednesday,January,1
751-41-9720,C,Naypyitaw,Normal,Male,Home And Lifestyle,97.5,10,48.75,1023.75,2019-01-12,16:18:00,Ewallet,975.0,4.761904762,48.75,8.0,16,Saturday,January,1
626-43-7888,C,Naypyitaw,Normal,Female,Fashion Accessories,60.41,8,24.164,507.444,2019-02-07,12:23:00,Ewallet,483.28,4.761904762,24.164,9.6,12,Thursday,February,1
162-65-8559,C,Naypyitaw,Member,Male,Food And Beverages,68.98,1,3.449,72.429,2019-01-21,20:13:00,Cash,68.98,4.761904762,3.449,4.8,20,Monday,January,1
760-27-5490,C,Naypyitaw,Normal,Male,Fashion Accessories,15.62,8,6.248,131.208,2019-01-20,20:37:00,Ewallet,124.96,4.761904762,6.248,9.1,20,Sunday,January,1
728-88-7867,C,Naypyitaw,Member,Female,Home And Lifestyle,75.53,4,15.106,317.226,2019-03-19,15:52:00,Ewallet,302.12,4.761904762,15.106,8.3,15,Tuesday,March,1
183-21-3799,C,Naypyitaw,Normal,Female,Electronic Accessories,77.63,9,34.9335,733.6035,2019-02-19,15:14:00,Ewallet,698.67,4.761904762,34.9335,7.2,15,Tuesday,February,1
268-20-3585,C,Naypyitaw,Normal,Female,Health And Beauty,13.85,9,6.2325,130.8825,2019-02-04,12:50:00,Ewallet,124.65,4.761904762,6.2325,6.0,12,Monday,February,1
735-32-9839,C,Naypyitaw,Member,Male,Fashion Accessories,98.7,8,39.48,829.08,2019-01-31,10:36:00,Ewallet,789.6,4.761904762,39.48,8.5,10,Thursday,January,1
678-79-0726,C,Naypyitaw,Member,Female,Sports And Travel,90.63,9,40.783500000000004,856.4535,2019-01-18,15:28:00,Cash,815.67,4.761904762,40.783500000000004,5.1,15,Friday,January,1
592-46-1692,C,Naypyitaw,Member,Female,Food And Beverages,36.77,7,12.8695,270.2595,2019-01-11,20:10:00,Cash,257.39,4.761904762,12.8695,7.4,20,Friday,January,1
149-14-0304,C,Naypyitaw,Member,Female,Health And Beauty,28.5,8,11.4,239.4,2019-02-06,14:24:00,Cash,228.0,4.761904762,11.4,6.6,14,Wednesday,February,1
442-44-6497,C,Naypyitaw,Member,Male,Home And Lifestyle,55.57,3,8.3355,175.0455,2019-01-08,11:42:00,Credit card,166.71,4.761904762,8.3355,5.9,11,Tuesday,January,1
210-74-9613,C,Naypyitaw,Normal,Male,Fashion Accessories,97.26,4,19.452,408.492,2019-03-16,15:33:00,Ewallet,389.04,4.761904762,19.452,6.8,15,Saturday,March,1
607-65-2441,C,Naypyitaw,Member,Male,Health And Beauty,81.95,10,40.975,860.475,2019-03-10,12:39:00,Credit card,819.5,4.761904762,40.975,6.0,12,Sunday,March,1
386-27-7606,C,Naypyitaw,Member,Female,Home And Lifestyle,81.2,7,28.42,596.82,2019-03-23,15:59:00,Credit card,568.4,4.761904762,28.42,8.1,15,Saturday,March,1
137-63-5492,C,Naypyitaw,Normal,Male,Electronic Accessories,58.76,10,29.38,616.98,2019-01-29,14:26:00,Ewallet,587.6,4.761904762,29.38,9.0,14,Tuesday,January,1
733-29-1227,C,Naypyitaw,Normal,Male,Home And Lifestyle,55.61,7,19.4635,408.7335,2019-03-23,12:41:00,Cash,389.27,4.761904762,19.4635,8.5,12,Saturday,March,1
451-73-2711,C,Naypyitaw,Normal,Male,Food And Beverages,84.83,1,4.2415,89.0715,2019-01-14,15:20:00,Ewallet,84.83,4.761904762,4.2415,8.8,15,Monday,January,1
345-68-9016,C,Naypyitaw,Member,Female,Sports And Travel,31.67,8,12.668,266.028,2019-01-02,16:19:00,Credit card,253.36,4.761904762,12.668,5.6,16,Wednesday,January,1
390-17-5806,C,Naypyitaw,Member,Female,Food And Beverages,38.42,1,1.921,40.341,2019-02-02,16:33:00,Cash,38.42,4.761904762,1.921,8.6,16,Saturday,February,1
664-14-2882,C,Naypyitaw,Member,Female,Home And Lifestyle,10.53,5,2.6325000000000003,55.2825,2019-01-30,14:43:00,Credit card,52.65,4.761904762,2.6325000000000003,5.8,14,Wednesday,January,1
314-23-4520,C,Naypyitaw,Member,Male,Health And Beauty,81.23,7,28.4305,597.0405,2019-01-15,20:44:00,Cash,568.61,4.761904762,28.4305,9.0,20,Tuesday,January,1
288-38-3758,C,Naypyitaw,Member,Female,Fashion Accessories,84.87,3,12.7305,267.3405,2019-01-25,18:30:00,Ewallet,254.61,4.761904762,12.7305,7.4,18,Friday,January,1
801-88-0346,C,Naypyitaw,Normal,Female,Fashion Accessories,76.06,3,11.409,239.589,2019-01-05,20:30:00,Credit card,228.18,4.761904762,11.409,9.8,20,Saturday,January,1
759-98-4285,C,Naypyitaw,Member,Female,Health And Beauty,85.87,7,30.0545,631.1445,2019-02-27,19:01:00,Credit card,601.09,4.761904762,30.0545,8.0,19,Wednesday,February,1
201-63-8275,C,Naypyitaw,Member,Female,Sports And Travel,67.99,7,23.7965,499.7265,2019-02-17,16:50:00,Ewallet,475.93,4.761904762,23.7965,5.7,16,Sunday,February,1
471-06-8611,C,Naypyitaw,Normal,Female,Food And Beverages,52.42,1,2.621,55.041,2019-02-06,10:22:00,Credit card,52.42,4.761904762,2.621,6.3,10,Wednesday,February,1
200-16-5952,C,Naypyitaw,Member,Male,Food And Beverages,65.65,2,6.565,137.865,2019-01-17,16:46:00,Cash,131.3,4.761904762,6.565,6.0,16,Thursday,January,1
102-77-2261,C,Naypyitaw,Member,Male,Health And Beauty,65.31,7,22.8585,480.0285,2019-03-05,18:02:00,Credit card,457.17,4.761904762,22.8585,4.2,18,Tuesday,March,1
102-06-2002,C,Naypyitaw,Member,Male,Sports And Travel,25.25,5,6.3125,132.5625,2019-03-20,17:52:00,Cash,126.25,4.761904762,6.3125,6.1,17,Wednesday,March,1
629-42-4133,C,Naypyitaw,Normal,Male,Health And Beauty,21.8,8,8.72,183.12,2019-02-19,19:24:00,Cash,174.4,4.761904762,8.72,8.3,19,Tuesday,February,1
468-99-7231,C,Naypyitaw,Normal,Female,Home And Lifestyle,44.01,8,17.604,369.684,2019-03-03,17:36:00,Cash,352.08,4.761904762,17.604,8.8,17,Sunday,March,1
516-77-6464,C,Naypyitaw,Member,Female,Health And Beauty,10.16,5,2.54,53.34,2019-02-24,13:08:00,Ewallet,50.8,4.761904762,2.54,4.1,13,Sunday,February,1
886-77-9084,C,Naypyitaw,Normal,Male,Electronic Accessories,71.89,8,28.756,603.876,2019-02-19,11:33:00,Ewallet,575.12,4.761904762,28.756,5.5,11,Tuesday,February,1
790-38-4466,C,Naypyitaw,Normal,Female,Health And Beauty,10.99,5,2.7475,57.6975,2019-01-23,10:18:00,Credit card,54.95,4.761904762,2.7475,9.3,10,Wednesday,January,1
704-10-4056,C,Naypyitaw,Member,Male,Health And Beauty,60.47,3,9.0705,190.4805,2019-01-14,10:55:00,Credit card,181.41,4.761904762,9.0705,5.6,10,Monday,January,1
400-80-4065,C,Naypyitaw,Member,Male,Health And Beauty,68.55,4,13.71,287.91,2019-02-15,20:21:00,Credit card,274.2,4.761904762,13.71,9.2,20,Friday,February,1
443-60-9639,C,Naypyitaw,Member,Female,Home And Lifestyle,60.87,1,3.0435,63.9135,2019-01-24,13:24:00,Cash,60.87,4.761904762,3.0435,5.5,13,Thursday,January,1
401-09-4232,C,Naypyitaw,Member,Male,Home And Lifestyle,86.69,5,21.6725,455.1225,2019-02-11,18:38:00,Ewallet,433.45,4.761904762,21.6725,9.4,18,Monday,February,1
324-41-6833,C,Naypyitaw,Member,Female,Electronic Accessories,30.2,8,12.08,253.68,2019-03-03,19:30:00,Ewallet,241.6,4.761904762,12.08,5.1,19,Sunday,March,1
474-33-8305,C,Naypyitaw,Member,Male,Fashion Accessories,67.39,7,23.5865,495.3165,2019-03-23,13:23:00,Ewallet,471.73,4.761904762,23.5865,6.9,13,Saturday,March,1
189-55-2313,C,Naypyitaw,Normal,Female,Fashion Accessories,62.18,10,31.09,652.89,2019-01-31,10:33:00,Ewallet,621.8,4.761904762,31.09,6.0,10,Thursday,January,1
815-04-6282,C,Naypyitaw,Member,Female,Sports And Travel,64.97,5,16.2425,341.0925,2019-02-08,12:52:00,Credit card,324.85,4.761904762,16.2425,6.5,12,Friday,February,1
477-59-2456,C,Naypyitaw,Normal,Female,Fashion Accessories,45.44,7,15.904,333.984,2019-01-23,11:15:00,Cash,318.08,4.761904762,15.904,9.2,11,Wednesday,January,1
784-21-9238,C,Naypyitaw,Member,Male,Sports And Travel,10.17,1,0.5085000000000001,10.6785,2019-02-07,14:15:00,Cash,10.17,4.761904762,0.5085000000000001,5.9,14,Thursday,February,1
538-22-0304,C,Naypyitaw,Normal,Male,Electronic Accessories,64.95,10,32.475,681.975,2019-03-24,18:27:00,Cash,649.5,4.761904762,32.475,5.2,18,Sunday,March,1
660-29-7083,C,Naypyitaw,Normal,Male,Electronic Accessories,55.87,10,27.935,586.635,2019-01-15,15:01:00,Cash,558.7,4.761904762,27.935,5.8,15,Tuesday,January,1
271-77-8740,C,Naypyitaw,Member,Female,Sports And Travel,29.22,6,8.766,184.086,2019-01-01,11:40:00,Ewallet,175.32,4.761904762,8.766,5.0,11,Tuesday,January,1
549-23-9016,C,Naypyitaw,Member,Female,Food And Beverages,14.87,2,1.487,31.227,2019-02-13,18:15:00,Credit card,29.74,4.761904762,1.487,8.9,18,Wednesday,February,1
862-29-5914,C,Naypyitaw,Normal,Female,Sports And Travel,22.38,1,1.119,23.499,2019-01-30,17:08:00,Credit card,22.38,4.761904762,1.119,8.6,17,Wednesday,January,1
845-94-6841,C,Naypyitaw,Member,Female,Food And Beverages,72.88,9,32.796,688.716,2019-01-08,19:38:00,Cash,655.92,4.761904762,32.796,4.0,19,Tuesday,January,1
658-66-3967,C,Naypyitaw,Normal,Male,Health And Beauty,53.19,7,18.6165,390.9465,2019-01-14,15:42:00,Ewallet,372.33,4.761904762,18.6165,5.0,15,Monday,January,1
848-95-6252,C,Naypyitaw,Member,Female,Home And Lifestyle,86.27,1,4.3135,90.5835,2019-02-20,13:24:00,Ewallet,86.27,4.761904762,4.3135,7.0,13,Wednesday,February,1
176-78-1170,C,Naypyitaw,Member,Male,Health And Beauty,33.81,3,5.0715,106.5015,2019-01-26,15:11:00,Ewallet,101.43,4.761904762,5.0715,7.3,15,Saturday,January,1
101-81-4070,C,Naypyitaw,Member,Female,Health And Beauty,62.82,2,6.282,131.922,2019-01-17,12:36:00,Ewallet,125.64,4.761904762,6.282,4.9,12,Thursday,January,1
631-34-1880,C,Naypyitaw,Member,Male,Food And Beverages,24.31,3,3.6465,76.5765,2019-01-08,19:09:00,Credit card,72.93,4.761904762,3.6465,4.3,19,Tuesday,January,1
584-66-4073,C,Naypyitaw,Normal,Male,Fashion Accessories,56.5,1,2.825,59.325,2019-03-13,15:45:00,Ewallet,56.5,4.761904762,2.825,9.6,15,Wednesday,March,1
154-87-7367,C,Naypyitaw,Normal,Male,Home And Lifestyle,65.26,8,26.104,548.184,2019-03-15,14:04:00,Ewallet,522.08,4.761904762,26.104,6.3,14,Friday,March,1
885-56-0389,C,Naypyitaw,Member,Male,Fashion Accessories,52.35,1,2.6175,54.9675,2019-02-12,17:49:00,Cash,52.35,4.761904762,2.6175,4.0,17,Tuesday,February,1
115-38-7388,C,Naypyitaw,Member,Female,Fashion Accessories,10.18,8,4.072,85.512,2019-03-30,12:51:00,Credit card,81.44,4.761904762,4.072,9.5,12,Saturday,March,1
137-74-8729,C,Naypyitaw,Normal,Female,Fashion Accessories,12.19,8,4.876,102.396,2019-03-13,12:47:00,Ewallet,97.52,4.761904762,4.876,6.8,12,Wednesday,March,1
389-70-2397,C,Naypyitaw,Normal,Female,Health And Beauty,83.66,5,20.915,439.215,2019-02-21,10:26:00,Cash,418.3,4.761904762,20.915,7.2,10,Thursday,February,1
607-76-6216,C,Naypyitaw,Member,Female,Fashion Accessories,92.49,5,23.1225,485.5725,2019-03-02,16:35:00,Credit card,462.45,4.761904762,23.1225,8.6,16,Saturday,March,1
781-84-8059,C,Naypyitaw,Normal,Male,Fashion Accessories,60.74,7,21.259,446.439,2019-01-18,16:23:00,Ewallet,425.18,4.761904762,21.259,5.0,16,Friday,January,1
409-49-6995,C,Naypyitaw,Member,Female,Food And Beverages,47.27,6,14.181,297.801,2019-02-05,10:17:00,Cash,283.62,4.761904762,14.181,8.8,10,Tuesday,February,1
725-54-0677,C,Naypyitaw,Member,Male,Health And Beauty,85.6,7,29.96,629.16,2019-03-02,13:50:00,Cash,599.2,4.761904762,29.96,5.3,13,Saturday,March,1
377-79-7592,C,Naypyitaw,Member,Female,Electronic Accessories,44.84,9,20.178,423.738,2019-01-14,14:00:00,Credit card,403.56,4.761904762,20.178,7.5,14,Monday,January,1
545-07-8534,C,Naypyitaw,Normal,Female,Health And Beauty,58.32,2,5.832,122.472,2019-02-14,12:42:00,Ewallet,116.64,4.761904762,5.832,6.0,12,Thursday,February,1
118-62-1812,C,Naypyitaw,Member,Female,Home And Lifestyle,78.38,4,15.676,329.196,2019-03-24,17:56:00,Cash,313.52,4.761904762,15.676,7.9,17,Sunday,March,1
450-42-3339,C,Naypyitaw,Normal,Male,Health And Beauty,84.61,10,42.305,888.405,2019-02-09,18:58:00,Credit card,846.1,4.761904762,42.305,8.8,18,Saturday,February,1
151-27-8496,C,Naypyitaw,Normal,Female,Electronic Accessories,56.13,4,11.226,235.746,2019-01-19,11:43:00,Ewallet,224.52,4.761904762,11.226,8.6,11,Saturday,January,1
717-96-4189,C,Naypyitaw,Normal,Female,Electronic Accessories,35.49,6,10.647,223.587,2019-02-02,12:40:00,Cash,212.94,4.761904762,10.647,4.1,12,Saturday,February,1
722-13-2115,C,Naypyitaw,Member,Male,Sports And Travel,42.85,1,2.1425,44.9925,2019-03-14,15:36:00,Credit card,42.85,4.761904762,2.1425,9.3,15,Thursday,March,1
246-55-6923,C,Naypyitaw,Member,Female,Home And Lifestyle,35.79,9,16.1055,338.2155,2019-03-10,15:06:00,Credit card,322.11,4.761904762,16.1055,5.1,15,Sunday,March,1
838-02-1821,C,Naypyitaw,Member,Female,Home And Lifestyle,12.73,2,1.2730000000000001,26.733,2019-02-22,12:10:00,Credit card,25.46,4.761904762,1.2730000000000001,5.2,12,Friday,February,1
887-42-0517,C,Naypyitaw,Normal,Female,Sports And Travel,83.14,7,29.099,611.079,2019-01-10,10:31:00,Credit card,581.98,4.761904762,29.099,6.6,10,Thursday,January,1
457-12-0244,C,Naypyitaw,Member,Female,Sports And Travel,35.22,6,10.566,221.886,2019-03-14,13:49:00,Ewallet,211.32,4.761904762,10.566,6.5,13,Thursday,March,1
756-93-1854,C,Naypyitaw,Member,Female,Fashion Accessories,83.35,2,8.335,175.035,2019-02-02,14:05:00,Credit card,166.7,4.761904762,8.335,9.5,14,Saturday,February,1
458-10-8612,C,Naypyitaw,Normal,Male,Health And Beauty,64.08,7,22.428,470.988,2019-01-20,12:27:00,Ewallet,448.56,4.761904762,22.428,7.6,12,Sunday,January,1
235-06-8510,C,Naypyitaw,Member,Male,Home And Lifestyle,85.72,3,12.858,270.018,2019-01-24,20:59:00,Ewallet,257.16,4.761904762,12.858,5.1,20,Thursday,January,1
433-08-7822,C,Naypyitaw,Normal,Female,Health And Beauty,78.89,7,27.6115,579.8415,2019-01-05,19:48:00,Ewallet,552.23,4.761904762,27.6115,7.5,19,Saturday,January,1
500-02-2261,C,Naypyitaw,Normal,Female,Food And Beverages,57.29,6,17.187,360.927,2019-03-21,17:04:00,Ewallet,343.74,4.761904762,17.187,5.9,17,Thursday,March,1
702-83-5291,C,Naypyitaw,Member,Male,Fashion Accessories,99.82,9,44.919,943.299,2019-03-27,10:43:00,Cash,898.38,4.761904762,44.919,6.6,10,Wednesday,March,1
859-97-6048,C,Naypyitaw,Member,Male,Electronic Accessories,84.25,2,8.425,176.925,2019-03-26,14:13:00,Credit card,168.5,4.761904762,8.425,5.3,14,Tuesday,March,1
373-88-1424,C,Naypyitaw,Member,Male,Home And Lifestyle,35.81,5,8.9525,188.0025,2019-02-06,18:44:00,Ewallet,179.05,4.761904762,8.9525,7.9,18,Wednesday,February,1
784-08-0310,C,Naypyitaw,Member,Female,Food And Beverages,21.04,4,4.208,88.368,2019-01-13,13:58:00,Cash,84.16,4.761904762,4.208,7.6,13,Sunday,January,1
577-34-7579,C,Naypyitaw,Member,Male,Food And Beverages,50.49,9,22.7205,477.1305,2019-01-10,17:16:00,Cash,454.41,4.761904762,22.7205,5.4,17,Thursday,January,1
867-47-1948,C,Naypyitaw,Normal,Female,Home And Lifestyle,15.8,10,7.9,165.9,2019-01-09,12:07:00,Cash,158.0,4.761904762,7.9,7.8,12,Wednesday,January,1
256-58-3609,C,Naypyitaw,Member,Male,Fashion Accessories,91.98,1,4.599,96.579,2019-03-18,15:29:00,Cash,91.98,4.761904762,4.599,9.8,15,Monday,March,1
364-34-2972,C,Naypyitaw,Member,Male,Electronic Accessories,96.82,3,14.523,304.983,2019-03-30,20:37:00,Cash,290.46,4.761904762,14.523,6.7,20,Saturday,March,1
744-82-9138,C,Naypyitaw,Normal,Male,Fashion Accessories,86.13,2,8.613,180.873,2019-02-07,17:59:00,Cash,172.26,4.761904762,8.613,8.2,17,Thursday,February,1
728-47-9078,C,Naypyitaw,Member,Male,Food And Beverages,59.59,4,11.918,250.278,2019-01-19,12:46:00,Cash,238.36,4.761904762,11.918,9.8,12,Saturday,January,1
148-41-7930,C,Naypyitaw,Normal,Male,Health And Beauty,99.96,7,34.986,734.706,2019-01-23,10:33:00,Cash,699.72,4.761904762,34.986,6.1,10,Wednesday,January,1
189-40-5216,C,Naypyitaw,Normal,Male,Electronic Accessories,96.37,7,33.7295,708.3195,2019-01-09,11:40:00,Cash,674.59,4.761904762,33.7295,6.0,11,Wednesday,January,1
267-62-7380,C,Naypyitaw,Member,Male,Electronic Accessories,82.34,10,41.17,864.57,2019-03-29,19:12:00,Ewallet,823.4,4.761904762,41.17,4.3,19,Friday,March,1
652-49-6720,C,Naypyitaw,Member,Female,Electronic Accessories,60.95,1,3.0475,63.9975,2019-02-18,11:40:00,Ewallet,60.95,4.761904762,3.0475,5.9,11,Monday,February,1
233-67-5758,C,Naypyitaw,Normal,Male,Health And Beauty,40.35,1,2.0175,42.3675,2019-01-29,13:46:00,Ewallet,40.35,4.761904762,2.0175,6.2,13,Tuesday,January,1
